location,city,country,year,month,parameter,value,latitude,longitude
Punjabi Bagh,Delhi,IN,2015,6,so2,8.774509803921571,28.6683,77.1167
Punjabi Bagh,Delhi,IN,2015,6,pm25,47.698113207547166,28.6683,77.1167
Punjabi Bagh,Delhi,IN,2015,6,pm10,94.35294117647058,28.6683,77.1167
Punjabi Bagh,Delhi,IN,2015,6,o3,83.34468085106384,28.6683,77.1167
Punjabi Bagh,Delhi,IN,2015,6,no2,58.58888888888888,28.6683,77.1167
Punjabi Bagh,Delhi,IN,2015,6,co,1108.888888888889,28.6683,77.1167
Anand Vihar,Delhi,IN,2015,6,co,941.3793103448276,28.6508,77.3152
RK Puram,Delhi,IN,2015,6,o3,21.84583333333333,28.5648,77.1744
Mandir Marg,Delhi,IN,2015,6,pm10,103.32,28.6341,77.2005
RK Puram,Delhi,IN,2015,6,so2,5.6173913043478265,28.5648,77.1744
Mandir Marg,Delhi,IN,2015,6,o3,13.13846153846154,28.6341,77.2005
RK Puram,Delhi,IN,2015,6,no2,54.5625,28.5648,77.1744
RK Puram,Delhi,IN,2015,6,pm25,49.61904761904761,28.5648,77.1744
Mandir Marg,Delhi,IN,2015,6,pm25,52.185185185185176,28.6341,77.2005
Mandir Marg,Delhi,IN,2015,6,no2,46.94285714285713,28.6341,77.2005
Anand Vihar,Delhi,IN,2015,6,no2,55.8103448275862,28.6508,77.3152
Anand Vihar,Delhi,IN,2015,6,pm25,62.07142857142857,28.6508,77.3152
Anand Vihar,Delhi,IN,2015,6,pm10,164.88,28.6508,77.3152
RK Puram,Delhi,IN,2015,6,pm10,93.0,28.5648,77.1744
Anand Vihar,Delhi,IN,2015,6,so2,12.324137931034482,28.6508,77.3152
Mandir Marg,Delhi,IN,2015,6,co,582.1428571428571,28.6341,77.2005
RK Puram,Delhi,IN,2015,6,co,1750.0,28.5648,77.1744
Anand Vihar,Delhi,IN,2015,6,o3,69.80454545454546,28.6508,77.3152
Anand Vihar,Delhi,IN,2015,7,pm10,245.72235294117644,28.6508,77.3152
Mandir Marg,Delhi,IN,2015,7,no2,33.26896551724139,28.6341,77.2005
RK Puram,Delhi,IN,2015,7,no2,45.352760736196316,28.5648,77.1744
Mandir Marg,Delhi,IN,2015,7,co,663.304347826087,28.6341,77.2005
RK Puram,Delhi,IN,2015,7,o3,22.229305135951662,28.5648,77.1744
Mandir Marg,Delhi,IN,2015,7,o3,18.990074906367038,28.6341,77.2005
Anand Vihar,Delhi,IN,2015,7,pm25,65.18494623655914,28.6508,77.3152
Anand Vihar,Delhi,IN,2015,7,no2,55.24957446808511,28.6508,77.3152
RK Puram,Delhi,IN,2015,7,pm25,56.47078464106845,28.5648,77.1744
Anand Vihar,Delhi,IN,2015,7,co,883.0985915492959,28.6508,77.3152
RK Puram,Delhi,IN,2015,7,so2,5.791135303265941,28.5648,77.1744
Mandir Marg,Delhi,IN,2015,7,pm25,42.8615664845173,28.6341,77.2005
RK Puram,Delhi,IN,2015,7,co,2756.218905472637,28.5648,77.1744
Anand Vihar,Delhi,IN,2015,7,o3,30.35013333333333,28.6508,77.3152
RK Puram,Delhi,IN,2015,7,pm10,115.91257668711657,28.5648,77.1744
Anand Vihar,Delhi,IN,2015,7,so2,23.73813333333333,28.6508,77.3152
Punjabi Bagh,Delhi,IN,2015,7,pm10,116.01692047377328,28.6683,77.1167
Punjabi Bagh,Delhi,IN,2015,7,pm25,61.95593869731801,28.6683,77.1167
Punjabi Bagh,Delhi,IN,2015,7,o3,38.54448529411764,28.6683,77.1167
Punjabi Bagh,Delhi,IN,2015,7,co,1241.8894830659538,28.6683,77.1167
Punjabi Bagh,Delhi,IN,2015,7,so2,7.099439775910363,28.6683,77.1167
Punjabi Bagh,Delhi,IN,2015,7,no2,49.98864406779661,28.6683,77.1167
Mandir Marg,Delhi,IN,2015,7,pm10,99.22440944881892,28.6341,77.2005
Mandir Marg,Delhi,IN,2015,7,so2,14.019189765458426,28.6341,77.2005
Beijing US Embassy,Beijing,CN,2015,7,pm25,65.42592592592592,39.95,116.47
Beijing US Embassy,Beijing,CN,2015,8,pm25,42.4915514592934,39.95,116.47
RK Puram,Delhi,IN,2015,8,pm25,53.774193548387096,28.5648,77.1744
Anand Vihar,Delhi,IN,2015,8,no2,49.26699507389162,28.6508,77.3152
RK Puram,Delhi,IN,2015,8,co,1172.704081632653,28.5648,77.1744
Mandir Marg,Delhi,IN,2015,8,pm25,42.77972709551657,28.6341,77.2005
Punjabi Bagh,Delhi,IN,2015,8,o3,35.391696113074204,28.6683,77.1167
Anand Vihar,Delhi,IN,2015,8,pm10,382.1700581395349,28.6508,77.3152
Mandir Marg,Delhi,IN,2015,8,no2,36.65699132111862,28.6341,77.2005
Punjabi Bagh,Delhi,IN,2015,8,co,1162.7249357326475,28.6683,77.1167
Anand Vihar,Delhi,IN,2015,8,o3,20.495833333333334,28.6508,77.3152
RK Puram,Delhi,IN,2015,8,o3,29.074671916010498,28.5648,77.1744
Mandir Marg,Delhi,IN,2015,8,so2,7.553001715265865,28.6341,77.2005
RK Puram,Delhi,IN,2015,8,no2,47.07253433208489,28.5648,77.1744
Anand Vihar,Delhi,IN,2015,8,co,1409.2134831460671,28.6508,77.3152
Punjabi Bagh,Delhi,IN,2015,8,pm10,113.06779661016951,28.6683,77.1167
Anand Vihar,Delhi,IN,2015,8,pm25,80.88403990024938,28.6508,77.3152
Mandir Marg,Delhi,IN,2015,8,co,772.9102167182663,28.6341,77.2005
Punjabi Bagh,Delhi,IN,2015,8,no2,50.30791044776118,28.6683,77.1167
Anand Vihar,Delhi,IN,2015,8,so2,17.398591549295773,28.6508,77.3152
Punjabi Bagh,Delhi,IN,2015,8,pm25,59.597014925373145,28.6683,77.1167
RK Puram,Delhi,IN,2015,8,pm10,118.64499349804943,28.5648,77.1744
Mandir Marg,Delhi,IN,2015,8,pm10,101.12100000000001,28.6341,77.2005
RK Puram,Delhi,IN,2015,8,so2,9.57703488372093,28.5648,77.1744
Mandir Marg,Delhi,IN,2015,8,o3,11.573156342182891,28.6341,77.2005
London Harlington,London,GB,2015,8,o3,32.212025316455694,51.48879,-0.441614
London Bloomsbury,London,GB,2015,8,pm10,17.70332480818414,51.52229000000001,-0.125889
London Hillingdon,London,GB,2015,8,o3,23.02669902912621,51.49633,-0.460861
London Bloomsbury,London,GB,2015,8,no2,40.218241042345284,51.52229000000001,-0.125889
London Westminster,London,GB,2015,8,no2,30.10632183908046,51.49467,-0.131931
London Bloomsbury,London,GB,2015,8,o3,27.376623376623375,51.52229000000001,-0.125889
London Hillingdon,London,GB,2015,8,no2,50.89024390243903,51.49633,-0.460861
London Bloomsbury,London,GB,2015,8,pm25,7.439897698209719,51.52229000000001,-0.125889
London Harlington,London,GB,2015,8,no2,16.825242718446606,51.48879,-0.441614
London Teddington Bushy Park,London,GB,2015,8,pm25,9.46954314720812,51.425286,-0.345606
Haringey Roadside,London,GB,2015,8,pm25,12.213740458015268,51.5993,-0.068218
London Eltham,London,GB,2015,8,no2,13.510526315789473,51.45258,0.070766
London N. Kensington,London,GB,2015,8,o3,39.39949109414759,51.52105,-0.213492
Haringey Roadside,London,GB,2015,8,no2,39.56234096692111,51.5993,-0.068218
London N. Kensington,London,GB,2015,8,pm10,16.279898218829516,51.52105,-0.213492
Southwark A2 Old Kent Road,London,GB,2015,8,no2,42.0736040609137,51.480499,-0.05955
London Marylebone Road,London,GB,2015,8,no2,73.12944162436548,51.52253,-0.154611
London N. Kensington,London,GB,2015,8,pm25,8.880407124681934,51.52105,-0.213492
Camden Kerbside,London,GB,2015,8,pm25,11.389312977099236,51.54421,-0.175269
London Eltham,London,GB,2015,8,pm25,10.342857142857145,51.45258,0.070766
Southwark A2 Old Kent Road,London,GB,2015,8,pm10,19.53664921465969,51.480499,-0.05955
London Teddington,London,GB,2015,8,no2,15.239185750636132,51.42099,-0.339647
Ealing Horn Lane,London,GB,2015,8,pm10,25.89268292682927,51.51895,-0.265617
London Haringey Priory Park South,London,GB,2015,8,o3,42.25581395348837,51.584128,-0.125254
Camden Kerbside,London,GB,2015,8,pm10,16.480916030534353,51.54421,-0.175269
London Eltham,London,GB,2015,8,o3,38.30612244897959,51.45258,0.070766
London Marylebone Road,London,GB,2015,8,o3,17.522842639593907,51.52253,-0.154611
Camden Kerbside,London,GB,2015,8,no2,51.25897435897436,51.54421,-0.175269
London Haringey Priory Park South,London,GB,2015,8,no2,21.241975308641976,51.584128,-0.125254
London N. Kensington,London,GB,2015,8,no2,22.015267175572518,51.52105,-0.213492
London Teddington,London,GB,2015,8,o3,43.952736318407965,51.42099,-0.339647
London Bexley,London,GB,2015,8,pm25,12.708010335917313,51.46603,0.184806
London Marylebone Road,London,GB,2015,8,pm10,19.479274611398964,51.52253,-0.154611
London Marylebone Road,London,GB,2015,8,pm25,15.16839378238342,51.52253,-0.154611
Tower Hamlets Roadside,London,GB,2015,8,no2,32.9,51.52253,-0.042155
London Bexley,London,GB,2015,8,no2,23.02727272727273,51.46603,0.184806
London Harlington,London,GB,2015,8,pm25,16.583333333333332,51.48879,-0.441614
London Harrow Stanmore,London,GB,2015,8,pm25,5.835664335664336,51.617333,-0.298777
Beijing US Embassy,Beijing,CN,2015,9,pm25,47.01384615384615,39.95,116.47
London Hillingdon,London,GB,2015,9,o3,24.167682926829272,51.49633,-0.460861
Nisekh,Ulaanbaatar,MN,2015,9,pm10,97.93190815518606,47.863943,106.779094
Tolgoit,Ulaanbaatar,MN,2015,9,no2,16.704326923076927,47.922495,106.794805
Nisekh,Ulaanbaatar,MN,2015,9,so2,4.885985748218528,47.863943,106.779094
MNB,Ulaanbaatar,MN,2015,9,pm25,30.39389312977099,47.929732,106.888629
Tolgoit,Ulaanbaatar,MN,2015,9,so2,8.826121794871796,47.922495,106.794805
Nisekh,Ulaanbaatar,MN,2015,9,pm25,23.7624703087886,47.863943,106.779094
MNB,Ulaanbaatar,MN,2015,9,pm10,117.29923664122136,47.929732,106.888629
Nisekh,Ulaanbaatar,MN,2015,9,o3,21.608076009501186,47.863943,106.779094
MNB,Ulaanbaatar,MN,2015,9,o3,37.64580152671756,47.929732,106.888629
Bukhiin urguu,Ulaanbaatar,MN,2015,9,o3,60.39133681852128,47.9176056,106.9373611
Tolgoit,Ulaanbaatar,MN,2015,9,pm25,31.76923076923077,47.922495,106.794805
Baruun 4 zam,Ulaanbaatar,MN,2015,9,pm10,80.06431852986219,47.9153833,106.89419440000002
Bukhiin urguu,Ulaanbaatar,MN,2015,9,no2,61.85507246376812,47.9176056,106.9373611
Tolgoit,Ulaanbaatar,MN,2015,9,co,437.41025641025635,47.922495,106.794805
MNB,Ulaanbaatar,MN,2015,9,co,623.8007633587788,47.929732,106.888629
Bukhiin urguu,Ulaanbaatar,MN,2015,9,pm25,24.373189751206837,47.9176056,106.9373611
Tolgoit,Ulaanbaatar,MN,2015,9,pm10,123.2267628205128,47.922495,106.794805
Misheel expo,Ulaanbaatar,MN,2015,9,pm10,52.13593294460642,47.8943389,106.8824722
Bukhiin urguu,Ulaanbaatar,MN,2015,9,co,445.74380165289256,47.9176056,106.9373611
100 ail,Ulaanbaatar,MN,2015,9,o3,29.058943921408105,47.93290560000001,106.9213833
London Bexley,London,GB,2015,9,pm25,12.491909385113267,51.46603,0.184806
Nisekh,Ulaanbaatar,MN,2015,9,co,296.4330958036421,47.863943,106.779094
Tolgoit,Ulaanbaatar,MN,2015,9,o3,47.096153846153854,47.922495,106.794805
Baruun 4 zam,Ulaanbaatar,MN,2015,9,co,812.6276636962417,47.9153833,106.89419440000002
100 ail,Ulaanbaatar,MN,2015,9,co,507.3207701761572,47.93290560000001,106.9213833
Camden Kerbside,London,GB,2015,9,pm25,11.548387096774194,51.54421,-0.175269
London Eltham,London,GB,2015,9,pm25,8.576853526220615,51.45258,0.070766
Nisekh,Ulaanbaatar,MN,2015,9,no2,11.821060965954075,47.863943,106.779094
MNB,Ulaanbaatar,MN,2015,9,so2,16.12681436210848,47.929732,106.888629
Bukhiin urguu,Ulaanbaatar,MN,2015,9,pm10,49.588191607872254,47.9176056,106.9373611
Mongol gazar,Ulaanbaatar,MN,2015,9,pm10,80.59546313799622,47.9035389,106.8507083
London Bloomsbury,London,GB,2015,9,pm25,6.95,51.52229000000001,-0.125889
London Harrow Stanmore,London,GB,2015,9,pm25,6.523702031602709,51.617333,-0.298777
London N. Kensington,London,GB,2015,9,pm10,15.370617696160267,51.52105,-0.213492
MNB,Ulaanbaatar,MN,2015,9,no2,22.58702290076336,47.929732,106.888629
Bukhiin urguu,Ulaanbaatar,MN,2015,9,so2,5.655263157894738,47.9176056,106.9373611
Mongol gazar,Ulaanbaatar,MN,2015,9,co,405.5834918219856,47.9035389,106.8507083
Haringey Roadside,London,GB,2015,9,pm25,12.029141104294476,51.5993,-0.068218
London Haringey Priory Park South,London,GB,2015,9,o3,35.725038402457756,51.584128,-0.125254
London N. Kensington,London,GB,2015,9,o3,35.32967032967033,51.52105,-0.213492
Tower Hamlets Roadside,London,GB,2015,9,no2,50.217105263157904,51.52253,-0.042155
Baruun 4 zam,Ulaanbaatar,MN,2015,9,pm25,28.94563552833078,47.9153833,106.89419440000002
100 ail,Ulaanbaatar,MN,2015,9,pm10,94.12402783462956,47.93290560000001,106.9213833
Haringey Roadside,London,GB,2015,9,no2,40.957307060755326,51.5993,-0.068218
London Eltham,London,GB,2015,9,no2,19.82758620689655,51.45258,0.070766
London Teddington,London,GB,2015,9,o3,39.14736842105263,51.42099,-0.339647
Baruun 4 zam,Ulaanbaatar,MN,2015,9,so2,7.491517857142857,47.9153833,106.89419440000002
100 ail,Ulaanbaatar,MN,2015,9,so2,3.8799171842650098,47.93290560000001,106.9213833
London Bloomsbury,London,GB,2015,9,pm10,16.6625,51.52229000000001,-0.125889
London Hillingdon,London,GB,2015,9,no2,46.25753012048193,51.49633,-0.460861
London Teddington,London,GB,2015,9,no2,20.500758725341424,51.42099,-0.339647
Baruun 4 zam,Ulaanbaatar,MN,2015,9,no2,56.72622699386503,47.9153833,106.89419440000002
100 ail,Ulaanbaatar,MN,2015,9,no2,25.969684555510035,47.93290560000001,106.9213833
Ealing Horn Lane,London,GB,2015,9,pm10,27.77130044843049,51.51895,-0.265617
London Bloomsbury,London,GB,2015,9,o3,20.51768488745981,51.52229000000001,-0.125889
London Marylebone Road,London,GB,2015,9,pm25,12.891104294478529,51.52253,-0.154611
London Teddington Bushy Park,London,GB,2015,9,pm25,7.590277777777778,51.425286,-0.345606
Mongol gazar,Ulaanbaatar,MN,2015,9,so2,4.212028930338788,47.9035389,106.8507083
Camden Kerbside,London,GB,2015,9,no2,66.07692307692308,51.54421,-0.175269
London Bloomsbury,London,GB,2015,9,no2,52.994285714285716,51.52229000000001,-0.125889
London Marylebone Road,London,GB,2015,9,o3,14.712680577849117,51.52253,-0.154611
Southwark A2 Old Kent Road,London,GB,2015,9,no2,58.4375,51.480499,-0.05955
Camden Kerbside,London,GB,2015,9,pm10,16.817204301075268,51.54421,-0.175269
London Eltham,London,GB,2015,9,o3,33.13322368421053,51.45258,0.070766
London Marylebone Road,London,GB,2015,9,no2,72.05855161787366,51.52253,-0.154611
London Bexley,London,GB,2015,9,no2,29.13888888888889,51.46603,0.184806
London Haringey Priory Park South,London,GB,2015,9,no2,25.665144596651444,51.584128,-0.125254
London N. Kensington,London,GB,2015,9,no2,32.76863354037267,51.52105,-0.213492
London Marylebone Road,London,GB,2015,9,pm10,15.198970840480275,51.52253,-0.154611
London Westminster,London,GB,2015,9,no2,34.11663479923518,51.49467,-0.131931
London N. Kensington,London,GB,2015,9,pm25,8.438650306748466,51.52105,-0.213492
Southwark A2 Old Kent Road,London,GB,2015,9,pm10,21.73018549747049,51.480499,-0.05955
RK Puram,Delhi,IN,2015,9,o3,70.93694690265485,28.5648,77.1744
RK Puram,Delhi,IN,2015,9,pm10,203.8153846153846,28.5648,77.1744
RK Puram,Delhi,IN,2015,9,no2,54.160964912280704,28.5648,77.1744
RK Puram,Delhi,IN,2015,9,pm25,70.85217391304347,28.5648,77.1744
Punjabi Bagh,Delhi,IN,2015,9,no2,42.27694174757281,28.6683,77.1167
Punjabi Bagh,Delhi,IN,2015,9,pm10,174.98058252427185,28.6683,77.1167
Mandir Marg,Delhi,IN,2015,9,pm25,50.57482185273159,28.6341,77.2005
Mandir Marg,Delhi,IN,2015,9,pm10,139.64492753623188,28.6341,77.2005
Mandir Marg,Delhi,IN,2015,9,no2,24.27287735849057,28.6341,77.2005
Punjabi Bagh,Delhi,IN,2015,9,pm25,71.46172839506173,28.6683,77.1167
Mandir Marg,Delhi,IN,2015,9,o3,36.178520286396186,28.6341,77.2005
Punjabi Bagh,Delhi,IN,2015,9,o3,70.96902654867256,28.6683,77.1167
Anand Vihar,Delhi,IN,2015,9,no2,59.006467661691545,28.6508,77.3152
Anand Vihar,Delhi,IN,2015,9,pm25,94.77450980392156,28.6508,77.3152
Anand Vihar,Delhi,IN,2015,9,o3,26.593367346938773,28.6508,77.3152
Anand Vihar,Delhi,IN,2015,9,pm10,571.3913043478261,28.6508,77.3152
Misheel expo,Ulaanbaatar,MN,2015,9,o3,31.342192691029897,47.8943389,106.8824722
London Harlington,London,GB,2015,9,o3,31.355491329479772,51.48879,-0.441614
London Harlington,London,GB,2015,9,no2,22.015184381778734,51.48879,-0.441614
Urgakh naran,Ulaanbaatar,MN,2015,9,no2,8.625,47.8664611,107.1180194
Urgakh naran,Ulaanbaatar,MN,2015,9,o3,59.625,47.8664611,107.1180194
Urgakh naran,Ulaanbaatar,MN,2015,9,pm10,15.714285714285715,47.8664611,107.1180194
Urgakh naran,Ulaanbaatar,MN,2015,9,co,561.8333333333334,47.8664611,107.1180194
Amgalan,Ulaanbaatar,MN,2015,9,co,384.2868589743589,47.913429,106.997907
Amgalan,Ulaanbaatar,MN,2015,9,o3,42.03035143769968,47.913429,106.997907
Amgalan,Ulaanbaatar,MN,2015,9,so2,17.91214057507987,47.913429,106.997907
Amgalan,Ulaanbaatar,MN,2015,9,no2,24.89365351629502,47.913429,106.997907
Shenyang,Shenyang,CN,2015,9,pm25,41.667779632721206,41.78,123.42
Shanghai,Shanghai,CN,2015,9,pm25,23.65275459098498,31.21,121.44
Chengdu,Chengdu,CN,2015,9,pm25,42.17953020134228,30.63,104.07
Guangzhou,Guangzhou,CN,2015,9,pm25,39.9135593220339,23.12,113.32
London Harlington,London,GB,2015,9,pm25,12.505617977528091,51.48879,-0.441614
Amgalan,Ulaanbaatar,MN,2015,9,pm10,96.17263843648209,47.913429,106.997907
Amgalan,Ulaanbaatar,MN,2015,9,pm25,24.232899022801305,47.913429,106.997907
Cabauw-Wielsekade,Cabauw,NL,2015,9,co,117.21799999999999,51.9745,4.9233
Nijmegen-Ruyterstraat,Nijmegen,NL,2015,9,co,-995.0,51.8382,5.85694
Nijmegen-Graafseweg,Nijmegen,NL,2015,9,co,256.796,51.8414,5.85778
Zegveld-Oude Meije,Zegveld,NL,2015,9,co,172.80200000000002,52.13800000000001,4.83819
Urgakh naran,Ulaanbaatar,MN,2015,9,so2,1.8,47.8664611,107.1180194
Ridderkerk-Hogeweg,Ridderkerk,NL,2015,9,no2,-474.2,51.8694,4.58006
Amsterdam-Van Diemenstraat,Amsterdam,NL,2015,9,no2,29.200000000000006,52.39,4.88781
Schiedam-Alphons Arienstraat,Schiedam,NL,2015,9,no2,-486.7,51.9214,4.40139
Amsterdam-Kantershof (Zuid Oost),Amsterdam,NL,2015,9,no2,13.5,52.3207,4.9884
Geleen-Vouershof,Geleen,NL,2015,9,no2,-484.5,50.9631,5.8107
Maassluis-Kwartellaan,Maassluis,NL,2015,9,no2,-485.75,51.932,4.22802
Amsterdam-Vondelpark,Amsterdam,NL,2015,9,no2,15.05,52.3597,4.86621
PNH Hemkade,Hemkade,NL,2015,9,no2,37.75,52.4202,4.83206
Heerlen-Looierstraat,Heerlen,NL,2015,9,no2,27.5,50.88800000000001,5.9705
Amsterdam-Haarlemmerweg,Amsterdam,NL,2015,9,no2,47.5,52.3854,4.87575
Amsterdam-Oude Schans,Amsterdam,NL,2015,9,no2,18.25,52.3721,4.9044
Veldhoven-Europalaan,Veldhoven,NL,2015,9,no2,16.625,51.4074,5.3933300000000015
PNH Oude Meer,Oude Meer,NL,2015,9,no2,22.45,52.28,4.77077
Rotterdam Noord -Statenweg,Rotterdam Noord ,NL,2015,9,no2,34.05,51.9271,4.46134
Amsterdam-Sportpark Ookmeer (Osdorp),Amsterdam,NL,2015,9,no2,24.1,52.3668,4.79334
Maastricht-A2 Nassaulaan,Maastricht,NL,2015,9,no2,-483.5,50.8459,5.71475
Wijnandsrade-Opfergeltstraat,Wijnandsrade,NL,2015,9,no2,8.525,50.9023,5.88175
Rotterdam Zuid-Zwartewaalstraat,Rotterdam Zuid,NL,2015,9,no2,-490.55,51.8936,4.4875300000000005
Amsterdam-Stadhouderskade,Amsterdam,NL,2015,9,no2,31.1,52.358,4.8997
Fijnaart-Zwingelspaansedijk,Fijnaart,NL,2015,9,no2,14.42,51.6537,4.51527
Heerlen-Jamboreepad,Heerlen,NL,2015,9,no2,7.77,50.9003,5.98685
Rotterdam-Schiedamsevest,Rotterdam,NL,2015,9,no2,19.525,51.9142,4.47992
Biddinghuizen-Kuilweg,Biddinghuizen,NL,2015,9,no2,17.205,52.4232,5.593380000000002
Cabauw-Wielsekade,Cabauw,NL,2015,9,no2,11.92,51.9745,4.9233
Pernis-Soetemanweg,Pernis,NL,2015,9,no2,-486.5,51.8879,4.3888099999999985
Amsterdam-Nieuwendammerdijk,Amsterdam,NL,2015,9,no2,16.05,52.3893,4.94382
Amsterdam-Hoogtij,Amsterdam,NL,2015,9,no2,31.7,52.428,4.77348
PNH Badhoevedorp,Badhoevedorp,NL,2015,9,no2,43.2,52.334,4.77401
Eindhoven-Noordbrabantlaan,Eindhoven,NL,2015,9,no2,31.415,51.4442,5.4448300000000005
Dordrecht-Bamendaweg,Dordrecht,NL,2015,9,no2,17.535,51.8007,4.70824
Utrecht-Griftpark,Utrecht,NL,2015,9,no2,17.02,52.1013,5.12818
Botlek-Spoortunnel,Botlek,NL,2015,9,no2,-481.75,51.8701,4.31806
Hoek v. Holland-Berghaven,Hoek v. Holland,NL,2015,9,no2,-485.7,51.9778,4.12194
Zaandam-Wagenschotpad,Zaandam,NL,2015,9,no2,24.35,52.448,4.81671
Geleen-Asterstraat,Geleen,NL,2015,9,no2,-495.0,50.9844,5.82223
Vredepeel-Vredeweg,Vredepeel,NL,2015,9,no2,8.935,51.5405,5.85307
Zierikzee-Lange Slikweg,Zierikzee,NL,2015,9,no2,15.62,51.6347,3.91662
Wieringerwerf-Medemblikkerweg,Wieringerwerf,NL,2015,9,no2,24.295,52.8037,5.05051
Nijmegen-Graafseweg,Nijmegen,NL,2015,9,no2,26.335,51.8414,5.85778
Hoogvliet-Leemkuil,Hoogvliet,NL,2015,9,no2,-490.3,51.8674,4.35524
Amsterdam-Einsteinweg,Amsterdam,NL,2015,9,no2,52.95,52.3813,4.84523
Hilversum-Johannes Geradtsweg,Hilversum,NL,2015,9,no2,15.705000000000002,52.2351,5.18155
PNH IJmuiden,IJmuiden,NL,2015,9,no2,15.2,52.463,4.60184
Biest Houtakker-Biestsestraat,Biest Houtakker,NL,2015,9,no2,14.875,51.5184,5.14845
Vlaardingen-Floreslaan,Vlaardingen,NL,2015,9,no2,32.405,51.9105,4.3263
Utrecht-Kardinaal de Jongweg,Utrecht,NL,2015,9,no2,27.23,52.105,5.12446
Hellendoorn-Luttenbergerweg,Hellendoorn,NL,2015,9,no2,8.115,52.3883,6.4029300000000005
Schiedam-Alphons Arienstraat,Schiedam,NL,2015,9,o3,-999.0,51.9214,4.40139
Rotterdam-Oost Sidelinge A13,Rotterdam,NL,2015,9,no2,-471.3,51.9385,4.43069
Amsterdam-Jan van Galenstraat,Amsterdam,NL,2015,9,no2,41.15000000000001,52.3748,4.86032
Laren-Jagerspad,Laren,NL,2015,9,no2,18.755,52.2574,5.2359
PNH Hoofddorp,Hoofddorp,NL,2015,9,no2,-491.4,52.3275,4.71501
Huijbergen-Vennekenstraat,Huijbergen,NL,2015,9,no2,16.04,51.4344,4.35984
De Zilk-Vogelaarsdreef,De Zilk,NL,2015,9,no2,15.575,52.2966,4.51082
Eibergen-Lintveldseweg,Eibergen,NL,2015,9,no2,8.530000000000001,52.0918,6.60537
Hoogvliet-Leemkuil,Hoogvliet,NL,2015,9,o3,-999.0,51.8674,4.35524
Maastricht-A2 Nassaulaan,Maastricht,NL,2015,9,o3,16.0,50.8459,5.71475
Huijbergen-Vennekenstraat,Huijbergen,NL,2015,9,o3,10.8,51.4344,4.35984
Vlaardingen-Floreslaan,Vlaardingen,NL,2015,9,o3,31.69,51.9105,4.3263
Amsterdam-Spaarnwoude,Amsterdam,NL,2015,9,no2,17.4,52.3984,4.72858
PNH Wijk aan Zee,Wijk aan Zee,NL,2015,9,no2,43.95,52.494,4.60199
Eindhoven-Genovevalaan,Eindhoven,NL,2015,9,no2,22.485,51.4687,5.47235
Westmaas-Groeneweg,Westmaas,NL,2015,9,no2,11.7,51.7866,4.4505300000000005
Zegveld-Oude Meije,Zegveld,NL,2015,9,no2,8.105,52.13800000000001,4.83819
Barsbeek-De Veenen,Barsbeek,NL,2015,9,no2,9.97,52.6541,6.01757
Maassluis-Kwartellaan,Maassluis,NL,2015,9,o3,-999.0,51.932,4.22802
Vredepeel-Vredeweg,Vredepeel,NL,2015,9,o3,17.04,51.5405,5.85307
Den Haag-Rebecquestraat,Den Haag,NL,2015,9,o3,33.34,52.0771,4.2891900000000005
Biddinghuizen-Hoekwantweg,Biddinghuizen,NL,2015,9,o3,38.8,52.4487,5.61921
Hellendoorn-Luttenbergerweg,Hellendoorn,NL,2015,9,o3,30.1,52.3883,6.4029300000000005
Ridderkerk-Hogeweg,Ridderkerk,NL,2015,9,pm25,8.355,51.8694,4.58006
PNH IJmuiden,IJmuiden,NL,2015,9,pm25,10.316666666666666,52.463,4.60184
Hilversum-Johannes Geradtsweg,Hilversum,NL,2015,9,pm25,2.22598125,52.2351,5.18155
Posterholt-Vlodropperweg,Posterholt,NL,2015,9,no2,12.755,51.1192,6.0424
Philippine-Stelleweg,Philippine,NL,2015,9,no2,9.035,51.2945,3.74948
Biddinghuizen-Hoekwantweg,Biddinghuizen,NL,2015,9,no2,13.165,52.4487,5.61921
Nijmegen-Ruyterstraat,Nijmegen,NL,2015,9,no2,17.485,51.8382,5.85694
Groningen-Nijensteinheerd,Groningen,NL,2015,9,no2,16.845,53.2465,6.60894
Amsterdam-Vondelpark,Amsterdam,NL,2015,9,o3,44.7,52.3597,4.86621
Veldhoven-Europalaan,Veldhoven,NL,2015,9,o3,7.07,51.4074,5.3933300000000015
Haarlem-Schipholweg,Haarlem,NL,2015,9,o3,40.5,52.3705,4.64232
Eibergen-Lintveldseweg,Eibergen,NL,2015,9,o3,24.15,52.0918,6.60537
Rotterdam Zuid-Zwartewaalstraat,Rotterdam Zuid,NL,2015,9,pm25,2.35,51.8936,4.4875300000000005
Amsterdam-Vondelpark,Amsterdam,NL,2015,9,pm25,7.304166666666666,52.3597,4.86621
Zaandam-Wagenschotpad,Zaandam,NL,2015,9,pm25,9.054166666666667,52.448,4.81671
Den Haag-Rebecquestraat,Den Haag,NL,2015,9,pm25,10.791541666666667,52.0771,4.2891900000000005
Wekerom-Riemterdijk,Wekerom,NL,2015,9,pm25,1.2227441666666667,52.1116,5.7084199999999985
Breda-Tilburgseweg,Breda,NL,2015,9,no2,36.49500000000001,51.5935,4.82494
Den Haag-Amsterdamse Veerkade,Den Haag,NL,2015,9,no2,28.125,52.0751,4.3158699999999985
Breukelen-Snelweg,Breukelen,NL,2015,9,no2,53.27,52.2015,4.98744
Valthermond-Noorderdiep,Valthermond,NL,2015,9,no2,10.255,52.8757,6.93243
Amsterdam-Van Diemenstraat,Amsterdam,NL,2015,9,o3,43.8,52.39,4.88781
Breda-Bastenakenstraat,Breda,NL,2015,9,o3,37.36,51.6031,4.78102
Wieringerwerf-Medemblikkerweg,Wieringerwerf,NL,2015,9,o3,49.49,52.8037,5.05051
Nijmegen-Ruyterstraat,Nijmegen,NL,2015,9,o3,22.11,51.8382,5.85694
Hoogvliet-Leemkuil,Hoogvliet,NL,2015,9,pm25,7.505,51.8674,4.35524
Amsterdam-Einsteinweg,Amsterdam,NL,2015,9,pm25,10.416666666666666,52.3813,4.84523
PNH Staalstraat,Staalstraat,NL,2015,9,pm25,8.4375,52.4744,4.6288
Heerlen-Looierstraat,Heerlen,NL,2015,9,pm25,-0.2266859090909091,50.88800000000001,5.9705
Utrecht-Kardinaal de Jongweg,Utrecht,NL,2015,9,pm25,3.434988636363636,52.105,5.12446
Kollumerwaard-Hooge Zuidwal,Kollumerwaard,NL,2015,9,pm25,3.7053758333333335,53.3304,6.27681
Breda-Bastenakenstraat,Breda,NL,2015,9,no2,15.965,51.6031,4.78102
Haarlem-Schipholweg,Haarlem,NL,2015,9,no2,25.8,52.3705,4.64232
Utrecht-Constant Erzeijstraat,Utrecht,NL,2015,9,no2,34.480000000000004,52.0677,5.12051
Balk-Trophornsterweg,Balk,NL,2015,9,no2,-493.03,52.9169,5.5734900000000005
Hoek v. Holland-Berghaven,Hoek v. Holland,NL,2015,9,o3,-999.0,51.9778,4.12194
Heerlen-Jamboreepad,Heerlen,NL,2015,9,o3,53.75,50.9003,5.98685
Dordrecht-Bamendaweg,Dordrecht,NL,2015,9,o3,36.16,51.8007,4.70824
Utrecht-Griftpark,Utrecht,NL,2015,9,o3,45.39,52.1013,5.12818
Botlek-Spoortunnel,Botlek,NL,2015,9,pm25,12.435,51.8701,4.31806
Amsterdam-Van Diemenstraat,Amsterdam,NL,2015,9,pm25,13.245833333333335,52.39,4.88781
Amsterdam-Spaarnwoude,Amsterdam,NL,2015,9,pm25,8.395833333333334,52.3984,4.72858
Veldhoven-Europalaan,Veldhoven,NL,2015,9,pm25,3.977920833333333,51.4074,5.3933300000000015
Cabauw-Wielsekade,Cabauw,NL,2015,9,pm25,0.72789375,51.9745,4.9233
Maastricht-A2 Kasteel Hillenraadweg,Maastricht,NL,2015,9,pm25,7.478260869565218,50.8598,5.71381
Den Haag-Rebecquestraat,Den Haag,NL,2015,9,no2,24.46,52.0771,4.2891900000000005
Den Haag-Bleriotlaan,Den Haag,NL,2015,9,no2,25.2,52.039,4.359380000000002
Wekerom-Riemterdijk,Wekerom,NL,2015,9,no2,11.395,52.1116,5.7084199999999985
Rotterdam Noord -Statenweg,Rotterdam Noord ,NL,2015,9,o3,38.7,51.9271,4.46134
Maastricht-Hoge Fronten,Maastricht,NL,2015,9,o3,31.0,50.8521,5.6758
Wijnandsrade-Opfergeltstraat,Wijnandsrade,NL,2015,9,o3,6.1,50.9023,5.88175
Rotterdam-Schiedamsevest,Rotterdam,NL,2015,9,o3,41.7,51.9142,4.47992
Zegveld-Oude Meije,Zegveld,NL,2015,9,o3,42.54,52.13800000000001,4.83819
Valthermond-Noorderdiep,Valthermond,NL,2015,9,o3,35.52,52.8757,6.93243
Schiedam-Alphons Arienstraat,Schiedam,NL,2015,9,pm25,11.015,51.9214,4.40139
PNH Badhoevedorp,Badhoevedorp,NL,2015,9,pm25,8.2,52.334,4.77401
Horst a/d Maas-Hoogheide,Horst a/d Maas,NL,2015,9,pm25,-996.0,51.4541,6.1082
Rotterdam-Schiedamsevest,Rotterdam,NL,2015,9,pm25,11.808416666666664,51.9142,4.47992
Nijmegen-Graafseweg,Nijmegen,NL,2015,9,pm25,1.1889225,51.8414,5.85778
Kollumerwaard-Hooge Zuidwal,Kollumerwaard,NL,2015,9,no2,13.315,53.3304,6.27681
Amsterdam-Nieuwendammerdijk,Amsterdam,NL,2015,9,o3,47.0,52.3893,4.94382
Eindhoven-Genovevalaan,Eindhoven,NL,2015,9,o3,21.35,51.4687,5.47235
Westmaas-Groeneweg,Westmaas,NL,2015,9,o3,37.44,51.7866,4.4505300000000005
Cabauw-Wielsekade,Cabauw,NL,2015,9,o3,36.23,51.9745,4.9233
Balk-Trophornsterweg,Balk,NL,2015,9,o3,48.16,52.9169,5.5734900000000005
Maassluis-Kwartellaan,Maassluis,NL,2015,9,pm25,6.19,51.932,4.22802
PNH Beverwijk-West,Beverwijk,NL,2015,9,pm25,3.7083333333333335,52.4893,4.64053
Vredepeel-Vredeweg,Vredepeel,NL,2015,9,pm25,3.5471495833333333,51.5405,5.85307
Wieringerwerf-Medemblikkerweg,Wieringerwerf,NL,2015,9,pm25,5.486207916666666,52.8037,5.05051
Enschede-Winkelshorst,Enschede,NL,2015,9,pm25,4.994572173913044,52.2345,6.91949
Hoek v. Holland-Berghaven,Hoek v. Holland,NL,2015,9,pm10,17.315,51.9778,4.12194
Hilversum-Johannes Geradtsweg,Hilversum,NL,2015,9,pm10,10.883333333333333,52.2351,5.18155
Groningen-Europaweg,Groningen,NL,2015,9,no2,35.94,53.2178,6.5789
Zaandam-Wagenschotpad,Zaandam,NL,2015,9,o3,46.8,52.448,4.81671
Biest Houtakker-Biestsestraat,Biest Houtakker,NL,2015,9,o3,11.29,51.5184,5.14845
De Zilk-Vogelaarsdreef,De Zilk,NL,2015,9,o3,43.76,52.2966,4.51082
Utrecht-Constant Erzeijstraat,Utrecht,NL,2015,9,o3,38.28,52.0677,5.12051
Kollumerwaard-Hooge Zuidwal,Kollumerwaard,NL,2015,9,o3,36.97,53.3304,6.27681
Amsterdam-Westerpark,Amsterdam,NL,2015,9,pm25,-999.0,52.394,4.87016
Amsterdam-Hoogtij,Amsterdam,NL,2015,9,pm25,7.445833333333334,52.428,4.77348
Breda-Bastenakenstraat,Breda,NL,2015,9,pm25,8.823784583333332,51.6031,4.78102
Utrecht-Griftpark,Utrecht,NL,2015,9,pm25,5.8710241666666665,52.1013,5.12818
Botlek-Spoortunnel,Botlek,NL,2015,9,pm10,20.72,51.8701,4.31806
Rotterdam Noord -Statenweg,Rotterdam Noord ,NL,2015,9,pm10,17.0875,51.9271,4.46134
Geleen-Asterstraat,Geleen,NL,2015,9,pm10,10.304347826086957,50.9844,5.82223
PNH Hoofddorp,Hoofddorp,NL,2015,9,pm10,10.9,52.3275,4.71501
Ridderkerk-Hogeweg,Ridderkerk,NL,2015,9,o3,-999.0,51.8694,4.58006
PNH Hoofddorp,Hoofddorp,NL,2015,9,o3,33.3,52.3275,4.71501
Zierikzee-Lange Slikweg,Zierikzee,NL,2015,9,o3,31.47,51.6347,3.91662
Den Haag-Bleriotlaan,Den Haag,NL,2015,9,o3,29.11,52.039,4.359380000000002
Wekerom-Riemterdijk,Wekerom,NL,2015,9,o3,41.53,52.1116,5.7084199999999985
Rotterdam Zuid-Pleinweg,Rotterdam Zuid,NL,2015,9,pm25,9.89,51.8911,4.48069
Amsterdam-Stadhouderskade,Amsterdam,NL,2015,9,pm25,9.558333333333334,52.358,4.8997
Geleen-Asterstraat,Geleen,NL,2015,9,pm25,6.391304347826088,50.9844,5.82223
Biest Houtakker-Biestsestraat,Biest Houtakker,NL,2015,9,pm25,10.975365833333333,51.5184,5.14845
De Zilk-Vogelaarsdreef,De Zilk,NL,2015,9,pm25,4.54807375,52.2966,4.51082
Groningen-Europaweg,Groningen,NL,2015,9,pm25,9.306541578947368,53.2178,6.5789
Schiedam-Alphons Arienstraat,Schiedam,NL,2015,9,pm10,22.19,51.9214,4.40139
Amsterdam-Spaarnwoude,Amsterdam,NL,2015,9,pm10,12.95,52.3984,4.72858
Posterholt-Vlodropperweg,Posterholt,NL,2015,9,o3,15.08,51.1192,6.0424
Philippine-Stelleweg,Philippine,NL,2015,9,o3,34.39,51.2945,3.74948
Biddinghuizen-Kuilweg,Biddinghuizen,NL,2015,9,o3,43.22,52.4232,5.593380000000002
Barsbeek-De Veenen,Barsbeek,NL,2015,9,o3,38.14,52.6541,6.01757
Rotterdam-Oost Sidelinge A13,Rotterdam,NL,2015,9,pm25,8.06,51.9385,4.43069
PNH Wijk aan Zee,Wijk aan Zee,NL,2015,9,pm25,12.558333333333335,52.494,4.60199
Maastricht-A2 Nassaulaan,Maastricht,NL,2015,9,pm25,2.3043478260869565,50.8459,5.71475
Heerlen-Jamboreepad,Heerlen,NL,2015,9,pm25,-996.0,50.9003,5.98685
Rotterdam-Bentinckplein,Rotterdam,NL,2015,9,pm25,7.292482083333334,51.9271,4.46134
Nijmegen-Ruyterstraat,Nijmegen,NL,2015,9,pm25,5.1711583333333335,51.8382,5.85694
Rotterdam Zuid-Zwartewaalstraat,Rotterdam Zuid,NL,2015,9,pm10,14.11,51.8936,4.4875300000000005
Zaandam-Wagenschotpad,Zaandam,NL,2015,9,pm10,20.491666666666667,52.448,4.81671
PNH IJmuiden,IJmuiden,NL,2015,9,pm10,14.3625,52.463,4.60184
Breukelen-Snelweg,Breukelen,NL,2015,9,o3,18.77,52.2015,4.98744
Groningen-Nijensteinheerd,Groningen,NL,2015,9,o3,33.5,53.2465,6.60894
Hoek v. Holland-Berghaven,Hoek v. Holland,NL,2015,9,pm25,5.98,51.9778,4.12194
PNH Reijndersweg,Reijndersweg,NL,2015,9,pm25,10.725,52.4789,4.57934
Maastricht-Hoge Fronten,Maastricht,NL,2015,9,pm25,-999.0,50.8521,5.6758
Vlaardingen-Floreslaan,Vlaardingen,NL,2015,9,pm25,-0.5409973913043479,51.9105,4.3263
Groningen-Nijensteinheerd,Groningen,NL,2015,9,pm25,4.066494166666667,53.2465,6.60894
Ridderkerk-Hogeweg,Ridderkerk,NL,2015,9,pm10,15.04,51.8694,4.58006
Amsterdam-Westerpark,Amsterdam,NL,2015,9,pm10,14.595652173913045,52.394,4.87016
De Rips-Klotterpeellaan,De Rips,NL,2015,9,pm10,13.23,51.5359,5.8085900000000015
PNH Reijndersweg,Reijndersweg,NL,2015,9,pm10,25.13333333333333,52.4789,4.57934
Breda-Bastenakenstraat,Breda,NL,2015,9,pm10,12.75,51.6031,4.78102
Den Haag-Amsterdamse Veerkade,Den Haag,NL,2015,9,pm10,16.05666666666667,52.0751,4.3158699999999985
Breda-Tilburgseweg,Breda,NL,2015,9,pm25,6.799906666666668,51.5935,4.82494
Breukelen-Snelweg,Breukelen,NL,2015,9,pm25,3.7937595833333333,52.2015,4.98744
Hoogvliet-Leemkuil,Hoogvliet,NL,2015,9,pm10,10.66,51.8674,4.35524
Amsterdam-Einsteinweg,Amsterdam,NL,2015,9,pm10,19.633333333333333,52.3813,4.84523
Amsterdam-Stadhouderskade,Amsterdam,NL,2015,9,pm10,21.97916666666667,52.358,4.8997
PNH Hemkade,Hemkade,NL,2015,9,pm10,18.6875,52.4202,4.83206
Wijnandsrade-Opfergeltstraat,Wijnandsrade,NL,2015,9,pm10,9.383043478260868,50.9023,5.88175
De Rips-Blaarpeelweg,De Rips,NL,2015,9,pm10,12.696666666666667,51.5475,5.8382
De Zilk-Vogelaarsdreef,De Zilk,NL,2015,9,pm10,11.63,52.2966,4.51082
Utrecht-Kardinaal de Jongweg,Utrecht,NL,2015,9,pm10,13.816666666666665,52.105,5.12446
Wijnandsrade-Opfergeltstraat,Wijnandsrade,NL,2015,9,so2,0.9,50.9023,5.88175
Pernis-Soetemanweg,Pernis,NL,2015,9,pm10,15.535,51.8879,4.3888099999999985
Amsterdam-Van Diemenstraat,Amsterdam,NL,2015,9,pm10,18.970833333333328,52.39,4.88781
Maastricht-A2 Nassaulaan,Maastricht,NL,2015,9,pm10,8.173913043478262,50.8459,5.71475
PNH Staalstraat,Staalstraat,NL,2015,9,pm10,12.820833333333333,52.4744,4.6288
Breda-Tilburgseweg,Breda,NL,2015,9,pm10,12.003333333333336,51.5935,4.82494
Dordrecht-Bamendaweg,Dordrecht,NL,2015,9,pm10,15.203333333333333,51.8007,4.70824
Biddinghuizen-Hoekwantweg,Biddinghuizen,NL,2015,9,pm10,9.049130434782608,52.4487,5.61921
Balk-Trophornsterweg,Balk,NL,2015,9,pm10,11.528181818181816,52.9169,5.5734900000000005
Rotterdam Zuid-Pleinweg,Rotterdam Zuid,NL,2015,9,pm10,20.4,51.8911,4.48069
Amsterdam-Vondelpark,Amsterdam,NL,2015,9,pm10,13.629166666666665,52.3597,4.86621
Horst a/d Maas-Hoogheide,Horst a/d Maas,NL,2015,9,pm10,9.695652173913043,51.4541,6.1082
PNH Beverwijk-West,Beverwijk,NL,2015,9,pm10,8.158333333333333,52.4893,4.64053
Huijbergen-Vennekenstraat,Huijbergen,NL,2015,9,pm10,14.403333333333334,51.4344,4.35984
Rotterdam-Schiedamsevest,Rotterdam,NL,2015,9,pm10,14.083333333333336,51.9142,4.47992
Wieringerwerf-Medemblikkerweg,Wieringerwerf,NL,2015,9,pm10,12.056666666666667,52.8037,5.05051
Breukelen-Snelweg,Breukelen,NL,2015,9,pm10,12.803333333333333,52.2015,4.98744
Valthermond-Noorderdiep,Valthermond,NL,2015,9,pm10,8.216666666666667,52.8757,6.93243
Rotterdam-Oost Sidelinge A13,Rotterdam,NL,2015,9,pm10,18.335,51.9385,4.43069
Amsterdam-Jan van Galenstraat,Amsterdam,NL,2015,9,pm10,14.5875,52.3748,4.86032
PNH Wijk aan Zee,Wijk aan Zee,NL,2015,9,pm10,19.875,52.494,4.60199
Biest Houtakker-Biestsestraat,Biest Houtakker,NL,2015,9,pm10,12.163333333333336,51.5184,5.14845
Veldhoven-Europalaan,Veldhoven,NL,2015,9,pm10,11.79,51.4074,5.3933300000000015
Leiden-Willem de Zwijgerlaan,Leiden,NL,2015,9,pm10,18.99,52.1678,4.50756
Eibergen-Lintveldseweg,Eibergen,NL,2015,9,pm10,9.23,52.0918,6.60537
Philippine-Stelleweg,Philippine,NL,2015,9,so2,0.58,51.2945,3.74948
Maassluis-Kwartellaan,Maassluis,NL,2015,9,pm10,13.26,51.932,4.22802
Amsterdam-Hoogtij,Amsterdam,NL,2015,9,pm10,11.4,52.428,4.77348
PNH Badhoevedorp,Badhoevedorp,NL,2015,9,pm10,16.2,52.334,4.77401
Heerlen-Jamboreepad,Heerlen,NL,2015,9,pm10,5.923333333333333,50.9003,5.98685
Den Haag-Rebecquestraat,Den Haag,NL,2015,9,pm10,16.163333333333334,52.0771,4.2891900000000005
Biddinghuizen-Kuilweg,Biddinghuizen,NL,2015,9,pm10,8.59,52.4232,5.593380000000002
Hellendoorn-Luttenbergerweg,Hellendoorn,NL,2015,9,pm10,8.483333333333333,52.3883,6.4029300000000005
Cabauw-Wielsekade,Cabauw,NL,2015,9,so2,0.18,51.9745,4.9233
PNH De Rijp,De Rijp,NL,2015,9,pm10,14.0125,52.5636,4.8617
Heerlen-Looierstraat,Heerlen,NL,2015,9,pm10,10.296666666666667,50.88800000000001,5.9705
Vlaardingen-Floreslaan,Vlaardingen,NL,2015,9,pm10,15.256666666666666,51.9105,4.3263
Haarlem-Schipholweg,Haarlem,NL,2015,9,pm10,15.15,52.3705,4.64232
Wekerom-Riemterdijk,Wekerom,NL,2015,9,pm10,10.883333333333333,52.1116,5.7084199999999985
De Zilk-Vogelaarsdreef,De Zilk,NL,2015,9,so2,0.3,52.2966,4.51082
PNH Oude Meer,Oude Meer,NL,2015,9,pm10,14.258333333333333,52.28,4.77077
Eindhoven-Genovevalaan,Eindhoven,NL,2015,9,pm10,9.283333333333333,51.4687,5.47235
Philippine-Stelleweg,Philippine,NL,2015,9,pm10,20.43,51.2945,3.74948
Amsterdam-A10 west,Amsterdam,NL,2015,9,pm10,13.283333333333333,52.3395,4.8410199999999985
Cabauw-Wielsekade,Cabauw,NL,2015,9,pm10,12.803333333333333,51.9745,4.9233
Kollumerwaard-Hooge Zuidwal,Kollumerwaard,NL,2015,9,pm10,9.07,53.3304,6.27681
Vredepeel-Vredeweg,Vredepeel,NL,2015,9,pm10,12.11,51.5405,5.85307
Fijnaart-Zwingelspaansedijk,Fijnaart,NL,2015,9,pm10,14.136666666666667,51.6537,4.51527
Den Haag-Bleriotlaan,Den Haag,NL,2015,9,pm10,-996.0,52.039,4.359380000000002
Utrecht-Constant Erzeijstraat,Utrecht,NL,2015,9,pm10,13.176666666666666,52.0677,5.12051
Groningen-Europaweg,Groningen,NL,2015,9,pm10,14.19,53.2178,6.5789
Eindhoven-Noordbrabantlaan,Eindhoven,NL,2015,9,pm10,12.216666666666667,51.4442,5.4448300000000005
Westmaas-Groeneweg,Westmaas,NL,2015,9,pm10,15.203333333333333,51.7866,4.4505300000000005
Laren-Jagerspad,Laren,NL,2015,9,pm10,10.99,52.2574,5.2359
Nijmegen-Graafseweg,Nijmegen,NL,2015,9,pm10,13.443333333333333,51.8414,5.85778
Eibergen-Lintveldseweg,Eibergen,NL,2015,9,so2,0.72,52.0918,6.60537
Zegveld-Oude Meije,Zegveld,NL,2015,9,pm10,12.216666666666667,52.13800000000001,4.83819
Barsbeek-De Veenen,Barsbeek,NL,2015,9,pm10,-996.0,52.6541,6.01757
Kollumerwaard-Hooge Zuidwal,Kollumerwaard,NL,2015,9,so2,0.4,53.3304,6.27681
London Harlington,London,GB,2015,9,pm10,15.212389380530976,51.48879,-0.441614
Estación Centro,Calama,CL,2015,9,pm25,10.038649425287355,-22.462144644633998,-68.92806169339
Colegio Pedro Vergara Keller,Calama,CL,2015,9,pm25,14.042511494252873,-22.442839063039997,-68.932546346863
Complejo Deportivo 23 de Marzo,Calama,CL,2015,9,pm25,5.622793841807909,-22.460270722943,-68.93770691700699
Estación Centro,Calama,CL,2015,9,co,268.25011494252874,-22.462144644633998,-68.92806169339
Coquimbo,Coquimbo,CL,2015,9,pm25,7.943575342465754,-29.970390235272998,-71.336038250122
Colegio Pedro Vergara Keller,Calama,CL,2015,9,pm10,48.29908045977011,-22.442839063039997,-68.932546346863
La Florida,Talca,CL,2015,9,pm25,16.445974025974024,-35.435141887663,-71.678261499336
Universidad de Talca,Talca,CL,2015,9,pm10,31.701700680272108,-35.406582744695,-71.633396474869
Antofagasta,Antofagasta,CL,2015,9,pm25,13.121258503401355,-23.61354215815,-70.38331568241101
Complejo Deportivo 23 de Marzo,Calama,CL,2015,9,pm10,43.293454802259895,-22.460270722943,-68.93770691700699
Viña del Mar,Viña del Mar,CL,2015,9,pm10,30.56207432432433,-33.020419817382,-71.550092842922
Chiu Chiu,Calama,CL,2015,9,so2,17.401621951219507,-22.342264,-68.650897
Estación Centro,Calama,CL,2015,9,pm10,43.132643678160925,-22.462144644633998,-68.92806169339
La Serena,Coquimbo,CL,2015,9,pm25,8.397388059701491,-29.933006518748,-71.261966365967
Antofagasta,Antofagasta,CL,2015,9,pm10,47.32476190476191,-23.61354215815,-70.38331568241101
Universidad de Talca,Talca,CL,2015,9,pm25,8.699308219178084,-35.406582744695,-71.633396474869
Estación Centro,Calama,CL,2015,9,o3,56.59736781609196,-22.462144644633998,-68.92806169339
Viña del Mar,Viña del Mar,CL,2015,9,pm25,24.83269594594595,-33.020419817382,-71.550092842922
Estación Centro,Calama,CL,2015,9,so2,4.149018965517241,-22.462144644633998,-68.92806169339
Las Gaviotas,Concón,CL,2015,9,so2,22.73340277777778,-32.915458,-71.48148
Progreso,Cabrero,CL,2015,9,no2,2.346932142857143,-37.068142,-72.289451
Colicheu,Cabrero,CL,2015,9,co,982.171686746988,-37.023623,-72.27747600000002
Coyhaique,Coyhaique,CL,2015,9,pm10,63.91895161290322,-45.57996447948,-72.061125987766
Progreso,Cabrero,CL,2015,9,co,624.742196531792,-37.068142,-72.289451
Museo Ferroviario,Temuco,CL,2015,9,pm10,30.295843971631204,-38.725302444781,-72.571192550926
Las Encinas Temuco,Temuco,CL,2015,9,pm25,23.116612676056338,-38.74869912298,-72.620788228172
Coyhaique,Coyhaique,CL,2015,9,pm25,54.74144715447156,-45.57996447948,-72.061125987766
Progreso,Cabrero,CL,2015,9,o3,27.82575975609756,-37.068142,-72.289451
Coyhaique II,Coyhaique,CL,2015,9,pm25,55.433091603053434,-45.579045667164,-72.049964505825
Colicheu,Cabrero,CL,2015,9,so2,35.79083582089552,-37.023623,-72.27747600000002
Museo Ferroviario,Temuco,CL,2015,9,pm25,22.265457746478877,-38.725302444781,-72.571192550926
Progreso,Cabrero,CL,2015,9,pm10,11.529716763005778,-37.068142,-72.289451
Colicheu,Cabrero,CL,2015,9,o3,34.627608433734935,-37.023623,-72.27747600000002
Progreso,Cabrero,CL,2015,9,so2,10.835901734104041,-37.068142,-72.289451
Punta Arenas,Punta Arenas,CL,2015,9,pm25,4.783645390070922,-53.158295492238,-70.921497482453
Colicheu,Cabrero,CL,2015,9,pm10,5.947776363636364,-37.023623,-72.27747600000002
Las Encinas Temuco,Temuco,CL,2015,9,pm10,30.63051748251749,-38.74869912298,-72.620788228172
Coyhaique II,Coyhaique,CL,2015,9,pm10,78.9105303030303,-45.579045667164,-72.049964505825
La Greda,Puchuncaví,CL,2015,9,pm10,29.826956818181824,-32.748154,-71.474204
Los Maitenes,Puchuncaví,CL,2015,9,so2,17.596225988700567,-32.764139,-71.454494
Valle Alegre,Quintero,CL,2015,9,no2,8.668205882352941,-32.807512,-71.436274
Ventanas,Ventanas,CL,2015,9,so2,19.82152542372881,-32.77898790221,-71.373031276855
Los Maitenes,Puchuncaví,CL,2015,9,o3,36.20739548022599,-32.764139,-71.454494
Sur,Quintero,CL,2015,9,no2,11.275394285714285,-32.800981,-71.48337099999998
Quintero,Quintero,CL,2015,9,so2,18.890687796610173,-32.787859999999995,-71.52771800000002
Puchuncaví,Puchuncaví,CL,2015,9,o3,18.234203389830512,-32.718589,-71.407282
Los Maitenes,Puchuncaví,CL,2015,9,pm10,12.516096045197742,-32.764139,-71.454494
Sur,Quintero,CL,2015,9,co,337.8097142857143,-32.800981,-71.48337099999998
La Greda,Puchuncaví,CL,2015,9,o3,19.197273375,-32.748154,-71.474204
Sur,Quintero,CL,2015,9,o3,32.875448,-32.800981,-71.48337099999998
Ventanas,Ventanas,CL,2015,9,pm10,27.063019774011305,-32.77898790221,-71.373031276855
Los Maitenes,Puchuncaví,CL,2015,9,no2,12.82667231638418,-32.764139,-71.454494
Valle Alegre,Quintero,CL,2015,9,o3,29.765976470588242,-32.807512,-71.436274
Ventanas,Ventanas,CL,2015,9,o3,23.75408474576271,-32.77898790221,-71.373031276855
La Greda,Puchuncaví,CL,2015,9,so2,22.323000000000004,-32.748154,-71.474204
Puchuncaví,Puchuncaví,CL,2015,9,so2,21.343259887005647,-32.718589,-71.407282
Los Maitenes,Puchuncaví,CL,2015,9,co,231.23081581920903,-32.764139,-71.454494
Sur,Quintero,CL,2015,9,so2,10.736536399999997,-32.800981,-71.48337099999998
Ventanas,Ventanas,CL,2015,9,no2,14.507790960451976,-32.77898790221,-71.373031276855
La Greda,Puchuncaví,CL,2015,9,no2,9.257722727272727,-32.748154,-71.474204
Sur,Quintero,CL,2015,9,pm10,17.856782857142857,-32.800981,-71.48337099999998
Ventanas,Ventanas,CL,2015,9,pm25,9.451654124293782,-32.77898790221,-71.373031276855
Puchuncaví,Puchuncaví,CL,2015,9,no2,9.936112994350284,-32.718589,-71.407282
Valle Alegre,Quintero,CL,2015,9,so2,9.174045294117649,-32.807512,-71.436274
Bomberos,Tocopilla,CL,2015,9,pm25,24.697988636363636,-22.111064,-70.210828
Copiapo Sivica,Copiapó,CL,2015,9,pm10,57.610271676300584,-27.370329154948,-70.323906678352
Concón,Concón,CL,2015,9,co,381.14689265536725,-32.924568,-71.515399
Rancagua I,Rancagua,CL,2015,9,so2,2.7067975460122704,-34.162314609087,-70.713919225517
Colmo,Concón,CL,2015,9,no2,20.391442176870747,-32.929552,-71.44057099999998
Quilpue,Quilpué,CL,2015,9,pm10,22.998116279069773,-33.047466597243,-71.434512871895
Rengo,Rengo,CL,2015,9,pm10,23.255309523809533,-34.394541417902005,-70.852981542328
Andacollo,Andacollo,CL,2015,9,pm10,21.72595333333333,-30.227767752117,-71.086126833637
Concón,Concón,CL,2015,9,no2,29.29587005649718,-32.924568,-71.515399
Colmo,Concón,CL,2015,9,so2,34.41278911564626,-32.929552,-71.44057099999998
Rancagua I,Rancagua,CL,2015,9,pm25,18.57956,-34.162314609087,-70.713919225517
JUNJI,Hualpén,CL,2015,9,pm10,17.352160583941608,-36.780632,-73.115657
Indura,Talcahuano,CL,2015,9,co,2683.028409090909,-36.769803,-73.113708
Copiapo Sivica,Copiapó,CL,2015,9,pm25,14.848571428571427,-27.370329154948,-70.323906678352
Concón,Concón,CL,2015,9,o3,64.82666666666667,-32.924568,-71.515399
Valparaiso,Valparaíso,CL,2015,9,pm25,11.886335403726704,-33.049743798095996,-71.614167231712
Curicó,Curicó,CL,2015,9,pm25,18.8398141025641,-34.974925077541,-71.233967512329
Colmo,Concón,CL,2015,9,o3,65.8620408163265,-32.929552,-71.44057099999998
Quilpue,Quilpué,CL,2015,9,pm25,4.77022480620155,-33.047466597243,-71.434512871895
San Fernando,San Fernando,CL,2015,9,pm10,33.29883139534884,-34.579759917069,-70.989685186508
Curicó,Curicó,CL,2015,9,pm10,35.76922435897435,-34.974925077541,-71.233967512329
JUNJI,Hualpén,CL,2015,9,so2,32.64379562043796,-36.780632,-73.115657
Gobernación,Tocopilla,CL,2015,9,so2,2.683006779661017,-22.093082,-70.20121
Coya Población,Machalí,CL,2015,9,so2,6.8859615384615385,-34.203524,-70.529854
La Florida,Talca,CL,2015,9,pm10,27.70058389261745,-35.435141887663,-71.678261499336
Indura,Talcahuano,CL,2015,9,o3,21.36414034090909,-36.769803,-73.113708
Lota urbana,Coronel,CL,2015,9,co,410.309375,-37.077619809695,-73.154136498581
Gobernación,Tocopilla,CL,2015,9,pm10,50.28561420454545,-22.093082,-70.20121
Rancagua I,Rancagua,CL,2015,9,pm10,70.73389261744965,-34.162314609087,-70.713919225517
U.C. Maule,Maule,CL,2015,9,pm10,24.04191034482759,-35.435725588722,-71.619553864003
Concón,Concón,CL,2015,9,so2,60.949949152542374,-32.924568,-71.515399
JUNJI,Hualpén,CL,2015,9,o3,25.414705882352933,-36.780632,-73.115657
Indura,Talcahuano,CL,2015,9,pm10,26.08345454545455,-36.769803,-73.113708
Lagunillas,Coronel,CL,2015,9,pm10,32.11969536423841,-36.983803,-73.159774
Huasco Sivica,Huasco,CL,2015,9,pm25,10.138359477124183,-28.469998068842006,-71.219652562817
Rancagua I,Rancagua,CL,2015,9,co,2789.9938271604938,-34.162314609087,-70.713919225517
Indura,Talcahuano,CL,2015,9,no2,35.407994318181814,-36.769803,-73.113708
Lota urbana,Coronel,CL,2015,9,o3,22.45696875,-37.077619809695,-73.154136498581
Puren,Chillán,CL,2015,9,pm10,34.74255681818182,-36.616167751711004,-72.093040558483
Osorno,Osorno,CL,2015,9,pm10,32.76918954248366,-40.584478665958,-73.11871982209
Independencia,Independencia,CL,2015,9,pm25,24.391061452513966,-33.422301000000004,-70.651162
U.C. Maule,Maule,CL,2015,9,pm25,14.195227586206894,-35.435725588722,-71.619553864003
Lagunillas,Coronel,CL,2015,9,co,165.78319205298013,-36.983803,-73.159774
Padre Las Casas II,Padre las Casas,CL,2015,9,pm25,36.61951552795031,-38.764767451718996,-72.598795682209
Pudahuel,Pudahuel,CL,2015,9,co,667.9578106508876,-33.437811379126,-70.750171233135
JUNJI,Hualpén,CL,2015,9,no2,30.310313868613143,-36.780632,-73.115657
Lota urbana,Coronel,CL,2015,9,no2,10.35508125,-37.077619809695,-73.154136498581
La Florida,La Florida,CL,2015,9,so2,6.2079999999999975,-33.516630362266,-70.588123961971
Parque O'Higgins,Santiago,CL,2015,9,pm25,23.186440677966104,-33.464141999999995,-70.660797
Pudahuel,Pudahuel,CL,2015,9,no2,37.82751149425288,-33.437811379126,-70.750171233135
Cerro Navia,Cerro Navia,CL,2015,9,pm25,20.31073446327684,-33.433089610143,-70.732147868717
JUNJI,Hualpén,CL,2015,9,co,1059.9751824817515,-36.780632,-73.115657
"INIA, Chillán",Chillán,CL,2015,9,pm25,17.525022057142852,-36.594880886514,-72.089253650482
Punteras,Chiguayante,CL,2015,9,pm10,19.611660919540235,-36.923329602986,-73.036132300941
Lota urbana,Coronel,CL,2015,9,so2,7.569618750000001,-37.077619809695,-73.154136498581
Independencia,Independencia,CL,2015,9,pm10,51.32681564245811,-33.422301000000004,-70.651162
Pudahuel,Pudahuel,CL,2015,9,pm10,46.35195530726257,-33.437811379126,-70.750171233135
El Bosque,El Bosque,CL,2015,9,pm10,54.675977653631286,-33.547099645619,-70.666204101852
Puente Alto,Puente Alto,CL,2015,9,pm25,25.039548022598872,-33.591390623022,-70.594788
Indura,Talcahuano,CL,2015,9,so2,16.90744318181818,-36.769803,-73.113708
Lota urbana,Coronel,CL,2015,9,pm10,18.78878125,-37.077619809695,-73.154136498581
Los Ángeles Oriente,Los Angeles,CL,2015,9,pm25,20.700135294117647,-37.463035064801005,-72.324575155457
La Florida,La Florida,CL,2015,9,o3,19.152766666666665,-33.516630362266,-70.588123961971
Parque O'Higgins,Santiago,CL,2015,9,pm10,48.773743016759774,-33.464141999999995,-70.660797
Cerrillos,Cerrillos,CL,2015,9,pm25,27.49112426035503,-33.492848789461,-70.719440279762
El Bosque,El Bosque,CL,2015,9,no2,46.904114285714286,-33.547099645619,-70.666204101852
Puente Alto,Puente Alto,CL,2015,9,pm10,46.91620111731844,-33.591390623022,-70.594788
Lagunillas,Coronel,CL,2015,9,so2,3.776854304635762,-36.983803,-73.159774
La Florida,La Florida,CL,2015,9,co,1036.1866666666667,-33.516630362266,-70.588123961971
Pudahuel,Pudahuel,CL,2015,9,o3,31.671838938053092,-33.437811379126,-70.750171233135
Quilicura,Quilicura,CL,2015,9,pm10,58.82681564245811,-33.365775677885,-70.748288055225
Lagunillas,Coronel,CL,2015,9,no2,11.539690728476822,-36.983803,-73.159774
Padre Las Casas II,Padre las Casas,CL,2015,9,pm10,42.37182278481012,-38.764767451718996,-72.598795682209
La Florida,La Florida,CL,2015,9,no2,35.702,-33.516630362266,-70.588123961971
Parque O'Higgins,Santiago,CL,2015,9,o3,35.56022222222221,-33.464141999999995,-70.660797
Cerrillos,Cerrillos,CL,2015,9,pm10,47.4,-33.492848789461,-70.719440279762
Lagunillas,Coronel,CL,2015,9,o3,17.97607748344371,-36.983803,-73.159774
La Florida,La Florida,CL,2015,9,pm25,26.262135922330092,-33.516630362266,-70.588123961971
Parque O'Higgins,Santiago,CL,2015,9,co,449.3823076923077,-33.464141999999995,-70.660797
Talagante,Talagante,CL,2015,9,pm10,28.625698324022345,-33.673752071375,-70.95306473743399
Valdivia,Valdivia,CL,2015,9,pm25,36.47478527607362,-39.831316104673,-73.22851282209001
Puren,Chillán,CL,2015,9,pm25,26.072607954545454,-36.616167751711004,-72.093040558483
Osorno,Osorno,CL,2015,9,pm25,25.579006410256408,-40.584478665958,-73.11871982209
Las Condes,Las Condes,CL,2015,9,pm25,16.7,-33.37677352033,-70.523326784061
Pudahuel,Pudahuel,CL,2015,9,pm25,7.576271186440677,-33.437811379126,-70.750171233135
Cerro Navia,Cerro Navia,CL,2015,9,pm10,36.435754189944134,-33.433089610143,-70.732147868717
Talagante,Talagante,CL,2015,9,pm25,20.271186440677965,-33.673752071375,-70.95306473743399
Parque O'Higgins,Santiago,CL,2015,9,no2,36.297288135593206,-33.464141999999995,-70.660797
Arica,Arica,CL,2015,9,pm25,14.531492647058823,-18.483427991456,-70.290550727043
Las Condes,Las Condes,CL,2015,9,pm10,35.36312849162011,-33.37677352033,-70.523326784061
Parque O'Higgins,Santiago,CL,2015,9,so2,18.33997368421053,-33.464141999999995,-70.660797
El Bosque,El Bosque,CL,2015,9,pm25,27.401129943502823,-33.547099645619,-70.666204101852
Quilicura,Quilicura,CL,2015,9,pm25,22.293785310734464,-33.365775677885,-70.748288055225
Valdivia,Valdivia,CL,2015,9,pm10,41.224798850574714,-39.831316104673,-73.22851282209001
Junta de Vecinos,Concón,CL,2015,9,so2,32.65299431818182,-32.935167,-71.52577
Cuncumen ,Salamanca,CL,2015,9,pm10,20.82596124031008,-31.889278312543997,-70.629311769684
Los Vientos,Llayllay,CL,2015,9,pm10,35.56794285714286,-32.833639,-70.99693
Loncura,Quintero,CL,2015,9,co,841.1168918918919,-32.795151048046996,-71.533019680176
Quintero Centro,Quintero,CL,2015,9,o3,20.222857142857144,-32.786170116898,-71.53143522091699
Los Vientos,Llayllay,CL,2015,9,co,629.7047428571427,-32.833639,-70.99693
Loncura,Quintero,CL,2015,9,so2,23.71631756756757,-32.795151048046996,-71.533019680176
Quintero Centro,Quintero,CL,2015,9,co,194.28762857142857,-32.786170116898,-71.53143522091699
La Florida,Talca,CL,2015,9,no2,16.464000000000002,-35.435141887663,-71.678261499336
Sierra Gorda ,Sierra Gorda,CL,2015,9,pm10,40.26704545454545,-22.888724142633,-69.31814071484399
Loncura,Quintero,CL,2015,9,pm10,20.34540540540541,-32.795151048046996,-71.533019680176
Rengo,Rengo,CL,2015,9,o3,24.00763636363636,-34.394541417902005,-70.852981542328
Sierra Gorda ,Sierra Gorda,CL,2015,9,pm25,6.517045454545454,-22.888724142633,-69.31814071484399
Los Vientos,Llayllay,CL,2015,9,o3,36.22735771428571,-32.833639,-70.99693
Coronel Norte,Coronel,CL,2015,9,co,229.31918125,-37.008669,-73.14808599999998
Nueva Libertad,Talcahuano,CL,2015,9,pm10,24.813238709677414,-36.735998,-73.11869300000002
Lota rural,Coronel,CL,2015,9,co,2115.1726190476197,-37.100696257418,-73.155760394707
Viña del Mar,Viña del Mar,CL,2015,9,o3,28.662047337278107,-33.020419817382,-71.550092842922
Loncura,Quintero,CL,2015,9,o3,18.924757297297297,-32.795151048046996,-71.533019680176
Coronel Sur,Coronel,CL,2015,9,co,1173.8805031446539,-37.031702,-73.138689
ENAP Price,Hualpén,CL,2015,9,no2,23.436990909090916,-36.791231,-73.119152
Quintero Centro,Quintero,CL,2015,9,no2,54.626514285714286,-32.786170116898,-71.53143522091699
La Florida,Talca,CL,2015,9,o3,21.86171779141104,-35.435141887663,-71.678261499336
Inpesca,Talcahuano,CL,2015,9,so2,14.823264705882352,-36.737202,-73.104427
Coronel Norte,Coronel,CL,2015,9,pm10,23.571225,-37.008669,-73.14808599999998
Nueva Libertad,Talcahuano,CL,2015,9,co,1389.616129032258,-36.735998,-73.11869300000002
Lota rural,Coronel,CL,2015,9,o3,27.96005357142857,-37.100696257418,-73.155760394707
Los Vientos,Llayllay,CL,2015,9,so2,16.203002285714284,-32.833639,-70.99693
Loncura,Quintero,CL,2015,9,no2,10.30265608108108,-32.795151048046996,-71.533019680176
San Fernando,San Fernando,CL,2015,9,o3,20.621741573033713,-34.579759917069,-70.989685186508
Coronel Norte,Coronel,CL,2015,9,o3,14.975934,-37.008669,-73.14808599999998
Nueva Libertad,Talcahuano,CL,2015,9,so2,7.992577922077923,-36.735998,-73.11869300000002
Lota rural,Coronel,CL,2015,9,pm10,27.894869047619054,-37.100696257418,-73.155760394707
Quintero Centro,Quintero,CL,2015,9,so2,9.831640571428572,-32.786170116898,-71.53143522091699
La Florida,Talca,CL,2015,9,co,1356.310975609756,-35.435141887663,-71.678261499336
Consultorio - San Vicente,Talcahuano,CL,2015,9,pm10,25.067028901734098,-36.723695141848005,-73.123658865174
Coronel Sur,Coronel,CL,2015,9,pm10,35.88769811320755,-37.031702,-73.138689
ENAP Price,Hualpén,CL,2015,9,o3,28.32981363636364,-36.791231,-73.119152
Inpesca,Talcahuano,CL,2015,9,pm10,18.35374117647059,-36.737202,-73.104427
Coronel Norte,Coronel,CL,2015,9,so2,3.0426858749999988,-37.008669,-73.14808599999998
Nueva Libertad,Talcahuano,CL,2015,9,pm25,9.949974193548382,-36.735998,-73.11869300000002
Lota rural,Coronel,CL,2015,9,no2,12.046948214285711,-37.100696257418,-73.155760394707
Independencia,Independencia,CL,2015,9,o3,18.618576470588234,-33.422301000000004,-70.651162
Las Condes,Las Condes,CL,2015,9,co,693.66875,-33.37677352033,-70.523326784061
El Bosque,El Bosque,CL,2015,9,o3,33.036588235294126,-33.547099645619,-70.666204101852
Puente Alto,Puente Alto,CL,2015,9,o3,33.25544886363637,-33.591390623022,-70.594788
La Florida,Talca,CL,2015,9,so2,8.048243902439022,-35.435141887663,-71.678261499336
Calabozo,Coronel,CL,2015,9,so2,4.266923076923076,-36.996430960359,-73.115805357178
Cerro Merquín,Coronel,CL,2015,9,pm10,16.354127167630054,-37.021182877699,-73.149555550926
ENAP Price,Hualpén,CL,2015,9,so2,34.58079545454546,-36.791231,-73.119152
21 de mayo,Los Angeles,CL,2015,9,pm25,18.119382857142856,-37.471182288689,-72.36146284976998
Coyhaique II,Coyhaique,CL,2015,9,so2,2.9540671140939603,-45.579045667164,-72.049964505825
Nueva Libertad,Talcahuano,CL,2015,9,no2,14.136354838709678,-36.735998,-73.11869300000002
21 de mayo,Los Angeles,CL,2015,9,pm10,26.994382857142853,-37.471182288689,-72.36146284976998
Las Condes,Las Condes,CL,2015,9,o3,20.28285704545455,-33.37677352033,-70.523326784061
Talagante,Talagante,CL,2015,9,so2,10.684221590909091,-33.673752071375,-70.95306473743399
Coronel Sur,Coronel,CL,2015,9,so2,20.054805031446538,-37.031702,-73.138689
ENAP Price,Hualpén,CL,2015,9,pm10,12.413201704545456,-36.791231,-73.119152
Padre Las Casas II,Padre las Casas,CL,2015,9,co,686.8820809248555,-38.764767451718996,-72.598795682209
Quilicura,Quilicura,CL,2015,9,co,314.3807407407408,-33.365775677885,-70.748288055225
Coronel Sur,Coronel,CL,2015,9,o3,26.6313710691824,-37.031702,-73.138689
ENAP Price,Hualpén,CL,2015,9,co,344.21534090909086,-36.791231,-73.119152
Lota rural,Coronel,CL,2015,9,so2,9.766589285714282,-37.100696257418,-73.155760394707
Coyhaique II,Coyhaique,CL,2015,9,no2,17.927986577181205,-45.579045667164,-72.049964505825
Las Condes,Las Condes,CL,2015,9,no2,41.3281590909091,-33.37677352033,-70.523326784061
El Bosque,El Bosque,CL,2015,9,co,946.0050793650796,-33.547099645619,-70.666204101852
Puente Alto,Puente Alto,CL,2015,9,co,535.0491954022989,-33.591390623022,-70.594788
Coyhaique II,Coyhaique,CL,2015,9,o3,36.282348993288586,-45.579045667164,-72.049964505825
El Bosque,El Bosque,CL,2015,9,so2,5.359344827586206,-33.547099645619,-70.666204101852
Puente Alto,Puente Alto,CL,2015,9,no2,33.05051136363637,-33.591390623022,-70.594788
Quilicura,Quilicura,CL,2015,9,o3,22.11434666666667,-33.365775677885,-70.748288055225
Las Encinas Temuco,Temuco,CL,2015,9,co,252.5551515151515,-38.74869912298,-72.620788228172
Coyhaique II,Coyhaique,CL,2015,9,co,615.4342281879194,-45.579045667164,-72.049964505825
Cerrillos,Cerrillos,CL,2015,9,o3,24.392350649350647,-33.492848789461,-70.719440279762
Cerro Navia,Cerro Navia,CL,2015,9,o3,19.96473099415205,-33.433089610143,-70.732147868717
Cerrillos,Cerrillos,CL,2015,9,co,550.43075,-33.492848789461,-70.719440279762
Quilicura,Quilicura,CL,2015,9,no2,22.46959659090909,-33.365775677885,-70.748288055225
Independencia,Independencia,CL,2015,9,no2,59.91491124260354,-33.422301000000004,-70.651162
Cerrillos,Cerrillos,CL,2015,9,no2,34.132836363636365,-33.492848789461,-70.719440279762
Cerro Navia,Cerro Navia,CL,2015,9,no2,38.98383522727273,-33.433089610143,-70.732147868717
Talagante,Talagante,CL,2015,9,no2,19.549528409090904,-33.673752071375,-70.95306473743399
Cerro Navia,Cerro Navia,CL,2015,9,co,574.2333333333332,-33.433089610143,-70.732147868717
Talagante,Talagante,CL,2015,9,co,677.0437499999998,-33.673752071375,-70.95306473743399
Talagante,Talagante,CL,2015,9,o3,27.15722159090909,-33.673752071375,-70.95306473743399
Quilicura,Quilicura,CL,2015,9,so2,2.577491803278689,-33.365775677885,-70.748288055225
Rancagua II,Rancagua,CL,2015,9,pm25,27.158180327868852,-34.143888375919,-70.737131207664
Rancagua II,Rancagua,CL,2015,9,pm10,49.31520661157025,-34.143888375919,-70.737131207664
Escuela E-10,Tocopilla,CL,2015,9,pm25,14.19259367816092,-22.087,-70.193253
Escuela E-10,Tocopilla,CL,2015,9,pm10,60.60938505747127,-22.087,-70.193253
Escuela E-10,Tocopilla,CL,2015,9,o3,29.81375,-22.087,-70.193253
Campiche,Puchuncaví,CL,2015,9,o3,21.9523,-32.736065,-71.450827
Escuela E-10,Tocopilla,CL,2015,9,so2,8.025843844827588,-22.087,-70.193253
Campiche,Puchuncaví,CL,2015,9,so2,34.43423020134228,-32.736065,-71.450827
Escuela E-10,Tocopilla,CL,2015,9,no2,10.859126103448277,-22.087,-70.193253
Campiche,Puchuncaví,CL,2015,9,co,405.1463087248322,-32.736065,-71.450827
Escuela E-10,Tocopilla,CL,2015,9,co,201.18764367816087,-22.087,-70.193253
Campiche,Puchuncaví,CL,2015,9,no2,13.708939597315435,-32.736065,-71.450827
Independencia,Independencia,CL,2015,9,co,2076.45,-33.422301000000004,-70.651162
Cipreses,Machalí,CL,2015,9,so2,3.9009219858156032,-34.261909,-70.463219
La Florida,La Florida,CL,2015,9,pm10,26.65,-33.516630362266,-70.588123961971
Puente Alto,Puente Alto,CL,2015,9,so2,1.922219642857143,-33.591390623022,-70.594788
Cauquenes,Machalí,CL,2015,9,so2,9.65,-34.241168,-70.55283
